{"cameraMode":{"drawMode":0,"name":"Shaded","section":"Shading Mode"},"sceneLighting":true,"audioPlay":false,"sceneViewState":{"showFog":true,"showMaterialUpdate":false,"showSkybox":true,"showFlares":true,"showImageEffects":true,"showParticleSystems":true},"in2DMode":false,"pivot":{"x":-1.1855568885803223,"y":18.324094772338868,"z":-18.148984909057618},"rotation":{"x":0.44114282727241518,"y":0.009422803297638893,"z":-0.0046321796253323559,"w":0.8973771333694458},"size":20.976091384887697,"orthographic":true}